review_id,date_created,product_id,product_name,product_handle,sku,rating,title,body,is_recommended,is_incentivized,is_verified,scent_strength,scent_appeal,cleaning_power,cap_pouring,reviewer_age,reviewer_household,reviewer_washes
e744ce78-54cc-486c-8622-da0217acdc88,2026-05-08T16:30:01.957Z,shopify-9354615718136,The Everything Kit,,,5,OH it IS everything!,"I love them all but do have my favorites.
  Who knew that doing laundry would become a "" No, that's MINE"" argument!  
I selfishly keep these for my clothes and linens and tell my other family members to please feel free to use the ""other"" detergent but keep your paws off my Mozi.
  Love it so much that I am now buying as birthday gifts to my family~",1,0,1,,,,,,,
52126890-3202-49c1-9052-db5eb8c4775c,2026-05-08T14:45:01.504Z,shopify-site-reviews-bd7b504f-a566-4803-944a-69d6b2a62542,Mozi Wash,,,5,James Hughes ,My new favorite place! My new forever ,1,0,1,,,,,,,
769d9023-48c8-4975-a559-4011b80ac21f,2026-05-08T14:43:00.313Z,shopify-7444997931256,Alpine Woods,alpine-woods,AW,5,James Hughes ,This is my new favorite/ forever product! Thank you Tru Niagen for representing on there page! ,1,0,1,0.0,5.0,5.0,5.0,35-44,2 - 4,['2']
3727b09a-8955-4af2-8421-9180c015c5c5,2026-05-08T13:18:22.520Z,shopify-site-reviews-bd7b504f-a566-4803-944a-69d6b2a62542,Mozi Wash,,,5,Great scents,Love Mozi,1,0,1,,,,,,,
bcb64ae5-7b41-4085-bf22-e4f5b3098f40,2026-05-08T13:17:52.789Z,shopify-8811068883192,Desert Poppy,desert-poppy,DP,5,Love the scent,Love the scent,1,0,1,1.0,5.0,4.0,4.0,55-64,2 - 4,['5-6']
f5f87a4d-455f-4ab0-a0df-abfaa36a7ac0,2026-05-08T13:17:06.201Z,shopify-7536216375544,Signature Cozy,cozy-cashmere,CZ,5,Love the scent,Love the scent,1,0,1,1.0,5.0,4.0,4.0,55-64,2 - 4,['5-6']
5b84989c-70ea-4675-afab-974d71da1bdd,2026-05-08T13:16:27.361Z,shopify-9257419505912,Malibu Mornings,,MM,5,Great,Love the scent,1,0,1,1.0,5.0,4.0,4.0,55-64,2 - 4,['5-6']
e109fd6c-c6c7-4228-8596-27c98bb18d25,2026-05-08T13:15:23.798Z,shopify-9257422323960,Golden Hour,golden-hour,GH,5,Golden Hour,I love the scent however it’s too light. Works well  in getting clothes clean,1,0,1,-0.5,4.0,5.0,3.0,Over 65,2 - 4,['3-4']
ce99713f-9627-4a49-b929-19ce99c9656f,2026-05-08T13:15:10.305Z,shopify-9257422323960,Golden Hour,golden-hour,GH,5,Smells heavenly,"I love the smells and the small batches that come in cute metal containers.
Hopefully they are recycleable. I liked the plastic caps but have recently received the metal screw on cap. Would like to know how “clean” the solutions are.
But I like the different scents and my laundry smells divine.",1,0,1,1.0,5.0,4.0,4.0,55-64,2 - 4,['5-6']
a53cbb08-f679-43c8-b2a0-d9ee9d743d63,2026-05-08T05:52:22.686Z,shopify-8795483701496,Vanilla Moon,vanilla-moon,VM,5,Vanilla moon obsessed,Gorgeous smelll. No perfume needed,1,0,1,0.0,5.0,5.0,3.0,35-44,4 - 6,['5-6']
f46d71ea-63ac-4587-b9fe-eb61df80080f,2026-05-08T00:21:17.086Z,shopify-9257422323960,Golden Hour,golden-hour,GH,5,Golden hour ,Sheets smell and feel amazing! ,1,0,1,0.0,4.0,3.0,4.0,25-34,1,['2']
8029f6aa-1097-4a71-a841-f4559399c75d,2026-05-07T22:36:21.399Z,shopify-8945278091512,1 Pack,,,5,Amazing Product!,"I love the scents and they last! My personal favorite in this bundle is the Sugar Dew. I have purchased some more in the past and out of all the scents I've had the pleasure of smelling from Mozi, Alpine Woods and Sugar Dew are my top two!",1,0,1,0.0,4.0,4.0,3.0,25-34,4 - 6,['5-6']
6c0700c4-4792-4ecf-a56e-43c316b1429a,2026-05-07T17:31:54.497Z,shopify-9199100231928,Mozi Wash Dryer Balls,mozi-wash-dryer-balls,,5,New screw top is perfect,Very easy to open. Cleans fairly well. I love the scent ,1,0,1,0.5,5.0,3.0,5.0,Over 65,2 - 4,['7+']
958bac85-a85d-4043-a409-877254f9a605,2026-05-07T16:38:12.955Z,shopify-8795483701496,Vanilla Moon,vanilla-moon,VM,5,Nice smelling detergent,Mozi detergents smell is great! ,1,0,1,-0.5,5.0,5.0,5.0,55-64,2 - 4,['3-4']
64d308d4-e540-4a3b-9e18-a20beacdcee4,2026-05-07T16:35:52.195Z,shopify-9122736111864,Mozi Wash Silicone Measuring Cup,mozi-wash-silicone-measuring-cup,,5, Nice measuring cup,This measuring cup is so convenient and like the fact you can throw in washer with clothes to clean it. ,1,0,1,0.0,5.0,5.0,5.0,55-64,2 - 4,['3-4']
2de35b19-dd24-4d54-bc4b-6523debf18b3,2026-05-07T16:34:14.822Z,shopify-7536216375544,Signature Cozy,cozy-cashmere,CZ,5,Love this scent ,This detergent smells so good.  Nothing like I have ever tried before. ,1,0,1,0.0,5.0,5.0,5.0,55-64,2 - 4,['3-4']
88b9d1aa-649f-498f-ac7a-c61300c4cd6f,2026-05-07T14:14:43.219Z,shopify-9107018219768,Mystery Single Sample Packet,,,5,Vanilla moon ,Free sample was great way to try new scent. Loved it! ,1,0,1,0.0,5.0,4.0,5.0,35-44,1,['2']
f6fb5a68-b5c9-47be-b835-376f6c0828d3,2026-05-07T12:15:03.506Z,shopify-9107018219768,Mystery Single Sample Packet,,,5,Awesome product,I really love the way my clothes smell using Mozi,1,0,1,0.0,5.0,5.0,5.0,Over 65,2 - 4,['3-4']
55769c4e-2b2c-4295-bee8-0c7970f3fb46,2026-05-07T11:52:54.011Z,shopify-9293095076088,6 oz Sugar Dew,6-oz-sugar-dew,SD,5,Smells fantastic!,"Love the orange scent,  pouring is a little messy so I am considering before subscribing.",1,0,1,0.0,5.0,4.0,1.0,55-64,1,['3-4']
6a63ad99-6bc6-4ab5-9d26-ed62c4f9c291,2026-05-07T00:35:22.528Z,shopify-7536216375544,Signature Cozy,cozy-cashmere,CZ,5,Constantly complimented!!,This is one of my favorites Mozi fragrances!! I get compliments from people I don’t even know on how good I smell. ,1,0,1,0.0,5.0,5.0,5.0,Over 65,,
4e3d3bf8-c343-4f3a-8e07-7e303a1a7362,2026-05-06T23:31:42.000Z,shopify-8811068883192,Desert Poppy,desert-poppy,DP,3,3 Stars,"The scent is definitely off.. I purchase this specific one for the scent. Now there is little to no smell, and the color of the wash has even changed. Very disappointed with the change, especially for the price this costs.",0,0,0,,,,,,,
c76cd8d5-64b8-417c-8b96-a30ced1c22e3,2026-05-06T20:28:37.453Z,shopify-8795483701496,Vanilla Moon,vanilla-moon,VM,5,Love my Vanilla Moon,Vanilla Moon leaves a beautiful scent. My sheets smell so heavenly.,1,0,1,0.0,5.0,5.0,5.0,Over 65,2 - 4,['5-6']
ab0ecb75-1aca-4644-ba79-2e38198af633,2026-05-06T17:11:43.019Z,shopify-9324007555320,Limited Edition Trio,,,5,All good smells.,This is such a nice way to try Mozi scents in smaller doses. It's impressive how terrific they all smell. ,1,0,1,,,,,,,
7aa7bfd0-4f51-4cb6-a300-d9047167b3c6,2026-05-06T15:55:35.321Z,shopify-site-reviews-bd7b504f-a566-4803-944a-69d6b2a62542,Mozi Wash,,,5,Great Products and business ,Love this company and products! Highly recommend,1,0,1,,,,,,,
54d188c9-33a9-4019-8268-ba60fb3f5b1f,2026-05-06T15:53:37.201Z,shopify-site-reviews-bd7b504f-a566-4803-944a-69d6b2a62542,Mozi Wash,,,5,Love it,I love this scent. ,1,0,1,,,,,,,
51c9b722-1629-4fea-becb-18df681f2acc,2026-05-06T15:44:13.575Z,shopify-9257422323960,Golden Hour,golden-hour,GH,5,LOOOOVE this GOLD ,We are absolutely in love with the smell and how it cleans ,1,0,1,0.0,5.0,5.0,5.0,35-44,2 - 4,['3-4']
0bba2bf2-e633-4946-bfda-d666ce03b117,2026-05-06T14:29:01.019Z,shopify-7444999602424,Central Coast,central-coast,CC,4,Central coast,Unfortunately the plastic cap snapped off and I have not been able to  get it open. I can get photos ,1,0,1,0.0,1.0,1.0,1.0,35-44,2 - 4,['3-4']
f3c52676-6466-4c5d-a0d6-4b4e989cb45b,2026-05-06T14:27:43.746Z,shopify-7536216375544,Signature Cozy,cozy-cashmere,CZ,4,Signature cozy,Great sent and my families skin reacted well to it which was great! ,1,0,1,0.0,4.0,4.0,4.0,35-44,2 - 4,['3-4']
a208a9f8-1067-4aef-a256-5294d929d778,2026-05-06T09:52:46.566Z,shopify-8811068883192,Desert Poppy,desert-poppy,DP,5,Pleasant ,The desert poppy has a soft pleasant smell. The laundry room smells so nice.  My clothes and towels smell so good. Definitely recommend.,1,0,1,1.0,5.0,5.0,5.0,55-64,2 - 4,['7+']
1af4d80a-a15b-4df1-bbe9-ddc7f9ec22bd,2026-05-06T02:03:16.651Z,shopify-9293092782328,6 oz Malibu Mornings,6-oz-malibu-mornings,MM,5,Love this scent,This is a great fresh scent and it gives my clothes a wonderful lift!,1,0,1,0.0,5.0,5.0,4.0,55-64,4 - 6,['3-4']
99b2be65-756e-48fe-b051-6e1e66609249,2026-05-06T01:29:21.810Z,shopify-9122736111864,Mozi Wash Silicone Measuring Cup,mozi-wash-silicone-measuring-cup,,5,This cup is genius! ,It is so easy to use. I put the Mozi in it and drop it in the laundry. I take it out after the wash then dry my clothes. ,1,0,1,0.0,5.0,5.0,5.0,Over 65,1,['2']
61bee920-062c-4f57-9e06-cd6209f42299,2026-05-06T01:25:58.163Z,shopify-7536216408312,Sugar Dew,sugar-dew,SD,5,Sugar Dew,This one is my favorite! It smells juicy and warm! My  grandson came in while I was doing laundry. He asked me if I got a new perfume! ,1,0,1,0.0,5.0,5.0,5.0,Over 65,1,['2']
5ccd92de-d361-4a1b-ad90-7f45975e3203,2026-05-06T01:10:41.034Z,shopify-9257419505912,Malibu Mornings,,MM,5,Malibu Mornings,"This is so delicious! It leaves a wonderful scent! 
Julie",1,0,1,0.0,5.0,5.0,5.0,Over 65,1,['2']
57d6be1b-268c-4f51-a192-ee45c67093b7,2026-05-05T23:44:50.306Z,shopify-9257422323960,Golden Hour,golden-hour,GH,4,Love the smell,Not good in colored clothes it faded the clothes ,1,0,1,-0.5,5.0,3.0,5.0,55-64,2 - 4,['2']
ce8e1747-e9e7-4ed8-9b63-a138f718ba2f,2026-05-05T20:55:58.190Z,shopify-7444997931256,Alpine Woods,alpine-woods,AW,5,Whatever,Thank you for changing the cap,1,0,1,0.0,5.0,5.0,5.0,Over 65,2 - 4,['5-6']
245725b2-c9ee-4920-aa94-3a4894b7376d,2026-05-05T19:31:47.477Z,shopify-7536216375544,Signature Cozy,cozy-cashmere,CZ,5,Warm and cozy ,This one has a lovely smell. It is not as strong as some of the others. I like to mix it with others.  Wish it was stronger because the  fragrances are like a little hug.  I didn’t smell anything in the clothes when washed with it by it self ,1,0,1,-1.0,5.0,3.0,1.0,45-54,2 - 4,['2']
e57e2ab8-9d3b-4613-8467-083f760233a9,2026-05-05T19:24:01.516Z,shopify-7444999602424,Central Coast,central-coast,CC,5,Love the smell!,This is my favorite out of all of them! Plastic top is hard not to make a mess when pouring.,1,0,1,0.0,5.0,3.0,1.0,45-54,2 - 4,['2']
bb241eae-b0c2-40e3-8bef-8db15849b7e3,2026-05-05T19:13:47.974Z,shopify-9293098418424,6 oz Desert Poppy,6-oz-desert-poppy,DP,5,Didn’t expect this to be my son’s favorite ,"Don’t let the pink packaging fool you- this is scent is clean, a little bit masculine and just the right amount of fragrance. I really thought it would be fruity or perfume like, but it was actually very fresh and clean. My two teenage sons  have chosen this as  their favorite of all of the scents. And we have tried them all!
",1,0,1,0.0,5.0,4.0,4.0,45-54,4 - 6,['7+']
5ecf1841-c14f-4c24-bb5c-97f912831317,2026-05-05T19:11:49.904Z,shopify-9293090652408,6 oz Golden Hour,6-oz-golden-hour,GH,5,"If you try one first, this is the one","If you aren’t sure what scent to try first, this is the one. Clean smell, fresh but not overpowering. Good for clothes, blankets, and anything else!",1,0,1,0.0,5.0,4.0,4.0,45-54,4 - 6,['7+']
a43381dd-2ceb-4b23-9270-127baa3f8a3f,2026-05-05T18:56:04.390Z,shopify-9354611589368,The Ultimate Kit,the-ultimate-kit,,5,Love it,"I now have an issue, though... I don't know which ones to get full size now because I want them ALL! ",1,0,1,,,,,,,
4bb6aed4-b40e-4fc7-9320-e0e48910152b,2026-05-05T17:01:26.047Z,shopify-9107018219768,Mystery Single Sample Packet,,,5,Lovely scent and practical new packaging,Love the change made to the lid! It has less spill. The scent is heavenly as usual.,1,0,1,0.0,5.0,4.0,4.0,45-54,4 - 6,['5-6']
dc49eb5d-d089-4600-a1ea-afb019ec0111,2026-05-05T13:50:58.731Z,shopify-9257419505912,Malibu Mornings,,MM,5,Love this!,"I have never liked or used a scented detergent until using Malibu mornings.
My daughter came to visit and her clothes smelled great. Not over powering or synthetic, just a natural lovely scent.  I put in my order that day! 
",1,0,1,0.0,5.0,5.0,5.0,Over 65,2 - 4,['1']
249d9eea-9198-4701-a3d9-c4bb3b6107b8,2026-05-05T13:15:39.448Z,shopify-9261815988472,Magic Stain Pen,magic-stain-pen,,5,This is the magic stain pen! ,"Wore a white shirt and inevitably got chocolate on it. Came home and used the pen - gone before my eyes as I applied it! 
Used it on various other shirts on old stains- GONE! ",1,0,1,,,,,,,
30ec59ee-70ae-48a1-b240-6c6f4e311f76,2026-05-04T23:42:13.020Z,shopify-9257269985528,Hollywood Rouge,,HR,5,How did I ever live without you Mozi wash???,"Mozi Wash,  how did I ever live without you? Your scents are absolutely intoxicating, you  also  clean laundry incredibly well. I’m seriously obsessed… I never want to be without iyou again!",1,0,1,0.0,5.0,5.0,4.0,55-64,2 - 4,['5-6']
fa1c6446-20c6-43c1-9aae-74b44ec07e88,2026-05-04T22:55:32.554Z,shopify-9257422323960,Golden Hour,golden-hour,GH,5,Love smell and the amount necessary to clean my clothes. ,"This smells really good! I also need a small amount, which seems like the way it should be rather than a massive cup full.  I also really appreciate that it's not a chemical cleaner.

Thank you for a great product. ",1,0,1,0.0,5.0,5.0,2.0,45-54,4 - 6,['5-6']
1a486235-aa95-4244-bf9e-55bc93bbfe40,2026-05-04T21:41:27.129Z,shopify-8811068883192,Desert Poppy,desert-poppy,DP,5,All of them,I’m loving all I have tried ! ,1,0,1,0.0,5.0,5.0,4.0,Over 65,1,['3-4']
a5b4f9e7-dd42-49b0-a86b-a0045a1104d1,2026-05-04T21:07:30.562Z,shopify-9257269985528,Hollywood Rouge,,HR,5,Cleans great,I like the smell. Washes my clothes very good. ,1,0,1,0.0,5.0,5.0,3.0,45-54,2 - 4,['5-6']
aee8b2e4-8864-425d-94d0-ee76c86a69c0,2026-05-04T19:37:27.299Z,shopify-9107018219768,Mystery Single Sample Packet,,,5,Bummed!,"I love the scents and think the laundry soap works so well. It’s beautifully designed. Everything is perfect, on the surface. Unfortunately, I’m allergic to something in them. Leaving me super bummed. ",1,0,1,0.0,5.0,5.0,5.0,55-64,2 - 4,['3-4']
986e7c36-e476-4615-85a7-b241b322a260,2026-05-04T19:22:55.624Z,shopify-8811068883192,Desert Poppy,desert-poppy,DP,5,Love It ❤️,The soap smells so amazing and knowing it’s not putting those harsh chemicals into my families clothing is such a relief!!! Highly recommend. The new screw top is 💯 percent better and earlier to pour!! Thank for listening Mizo Wash!! ,1,0,1,0.0,5.0,5.0,5.0,45-54,4 - 6,['7+']
f7e38f14-8e38-417d-87e9-d4ea93b20a8e,2026-05-04T19:03:03.343Z,shopify-9107018219768,Mystery Single Sample Packet,,,5,Best Detergent Around,"If you are looking for incredible detergent� this will quickly become your GO TO!! It is for me and my family.
",1,0,1,0.0,5.0,5.0,5.0,45-54,2 - 4,['7+']
d66073c0-d3d8-4ac2-a8b5-df590ce788cd,2026-05-04T18:06:18.934Z,shopify-7536216375544,Signature Cozy,cozy-cashmere,CZ,5,best smell ever,and cleans well,1,0,1,-0.5,5.0,4.0,5.0,Over 65,2 - 4,['5-6']
1181183e-2c36-4e3f-948e-99da6ffea65b,2026-05-04T16:55:14.016Z,shopify-9257419505912,Malibu Mornings,malibu-mornings,MM,5,Love the smell,This stuff smells amazing!!,1,0,1,0.0,5.0,5.0,4.0,55-64,2 - 4,['2']
8b4dc493-1f2d-4c71-bed8-0e7c6ba416fc,2026-05-04T16:53:56.271Z,shopify-8811068883192,Desert Poppy,desert-poppy,DP,5,Best detergent ,I love the way this makes my clothes smell and feel. I don’t know if it’s in my head but I swear my clothes feel softer. ,1,0,1,0.0,5.0,5.0,4.0,55-64,2 - 4,['2']
083758ff-5b2f-4d21-99fc-a8c3ad0b4b90,2026-05-04T16:47:11.213Z,shopify-7444997931256,Alpine Woods,alpine-woods,AW,5,I usually don't do reviews but this product is worth it!,"I have finally found a detergent that smells amazing, actually cleans my laundry and does not irritate my family's very sensitive skin. Customer for life!",1,0,1,0.0,5.0,5.0,5.0,45-54,2 - 4,['7+']
b08e6e16-f3fb-4697-8a6e-67324e60edb0,2026-05-04T15:38:19.442Z,shopify-9257269985528,Hollywood Rouge,,HR,5,Smells amazing!,Smells great but the packaging needs improvement. ,1,0,1,0.0,5.0,4.0,1.0,55-64,2 - 4,['5-6']
ca864487-876f-4544-add9-739405d5e15a,2026-05-04T15:34:06.620Z,shopify-7444999602424,Central Coast,central-coast,CC,5,Favorite Scent,This smells so good. The scent is long lasting and the cleaning power is amazing.,1,0,1,0.0,5.0,5.0,4.0,35-44,1,['2']
a70696a3-201c-4b38-b5f5-4fd3d2df0c12,2026-05-04T15:05:06.688Z,shopify-9293092782328,6 oz Malibu Mornings,6-oz-malibu-mornings,MM,5,Smells great! Daughter took it home!,"This one smells so good that even though I had 4 different samples, she snagged this one. That's ok because the other 3 are also really good :)",1,0,1,0.0,5.0,5.0,5.0,55-64,2 - 4,"['3-4', '5-6']"
fe6b0df0-26f4-4474-811a-409eeca2f32e,2026-05-04T14:12:47.907Z,shopify-site-reviews-bd7b504f-a566-4803-944a-69d6b2a62542,Mozi Wash,,,4,All Natural Perfumed Laundry Detergent ,So glad I took a chance with this company. Although I have a couple of cans that I cannot open I still am pleased. As for the cans that dont open I will figure out how to get them opened. DOWNFALL....I dont see on site where you can switch out your products. ,1,0,1,,,,,,,
8ba1a400-3e49-4847-a92b-8690ce5e5415,2026-05-04T14:10:13.913Z,shopify-9122736111864,Mozi Wash Silicone Measuring Cup,mozi-wash-silicone-measuring-cup,,5,Measuring cup,Neat item to measure out detergent.,1,0,1,0.0,1.0,1.0,1.0,55-64,2 - 4,['3-4']
106b3a78-2656-460a-b147-cb5122fc3d32,2026-05-04T14:09:38.912Z,shopify-9199100231928,Mozi Wash Dryer Balls,mozi-wash-dryer-balls,,5,Dryer balls,I love these and this is the first time using these. Keeps clothes fluffed in dryer. ,1,0,1,0.0,1.0,1.0,1.0,55-64,2 - 4,['3-4']
85f1bdbe-53bb-4bec-a269-b0ed2384ec4e,2026-05-04T14:07:22.401Z,shopify-9257422323960,Golden Hour,golden-hour,GH,5,Perfumed all natural laundry detergent ,I am almost ready to order again. LOVE LOVE LOVE this. ,1,0,1,0.0,5.0,5.0,5.0,55-64,2 - 4,['3-4']
a89b5a30-3412-46ed-b98e-53fc23a931ff,2026-05-04T14:05:52.690Z,shopify-9293100384504,6 oz Vanilla Moon,6-oz-vanilla-moon,VM,5,All natural perfumed laundry detergent ,Love this as I do all of them. Scent could be stro ger though.,1,0,1,-1.0,5.0,5.0,5.0,55-64,2 - 4,['3-4']
d48b074f-6144-4db5-9aeb-c1a938d299de,2026-05-04T14:04:44.392Z,shopify-9293098418424,6 oz Desert Poppy,6-oz-desert-poppy,DP,5,Perfumed all natural laundry detergent ,Love this for my clothing. Scent could be stronger though,1,0,1,-1.0,5.0,5.0,5.0,55-64,2 - 4,['3-4']
38300355-9353-4b6b-87a4-87ba66c5c57e,2026-05-04T14:03:38.438Z,shopify-9293094289656,6 oz Hollywood Rouge,6-oz-hollywood-rouge,HR,5,Perfumed all natural laundry detergent,MY FAVORITE! Smells like Baccarat Rouge! I used this up immediately and need to buy the big bottle. ,1,0,1,0.0,5.0,5.0,5.0,55-64,2 - 4,['3-4']
a9eb0a36-1f14-4b07-b6a3-b716bbc017bc,2026-05-04T14:02:09.226Z,shopify-9293090652408,6 oz Golden Hour,6-oz-golden-hour,GH,5,Perfume all natural  laundry detergent ,LOVE this detergent amd.the scent is beautiful!,1,0,1,0.0,5.0,5.0,5.0,55-64,2 - 4,['3-4']
363c1545-503c-4e39-9377-ec0cc45ad258,2026-05-04T14:01:11.098Z,shopify-9293095764216,6 oz Signature Cozy,6-oz-cozy-cashmere,CZ,5,Perfume All Natural Laundry Detergent,Love love love all of their laundry detergents. My clothes smell beautiful and I can put.them on knowing I am safe from harmful chemicals.,1,0,1,-0.5,5.0,5.0,5.0,55-64,2 - 4,['3-4']
c85195df-3d5c-439d-9b6c-ff58aa8b9609,2026-05-04T13:36:24.175Z,shopify-7444999602424,Central Coast,central-coast,CC,5,Mozi review ,"I get compliments on how great my towels smell.  What do you use?? MOZI

I do like the old metal screw top better. ",1,0,1,0.0,5.0,4.0,3.0,55-64,2 - 4,['3-4']
d7f5d51f-4b16-47c1-b570-4e6ce77badb7,2026-05-04T13:21:24.990Z,shopify-7536216375544,Signature Cozy,cozy-cashmere,CZ,5,Good scent,This is one of the stronger scents but if you want one that really last on your clothes this is it. ,1,0,1,0.0,4.0,4.0,4.0,18-24,2 - 4,['3-4']
e2913e0d-0057-4c5c-a618-470773dae2b2,2026-05-04T05:14:50.272Z,shopify-7444997931256,Alpine Woods,alpine-woods,AW,5,Perfection ,I love this scent! It’s really nice and not overly floral/girlie (my husband appreciates that!) it leaves clothes smelling amazing and not too overpowering. I have it on subscription!,1,0,1,0.0,5.0,5.0,5.0,35-44,4 - 6,['5-6']
885f3058-eb63-4c3d-ace3-7ba0dc06a318,2026-05-04T05:12:39.821Z,shopify-9257422323960,Golden Hour,golden-hour,GH,5,Love this scent! ,"I love Mozi products! The scents are so lovely and leave clothes with just the right amount. I love the upgraded screw tops now vs the pull plastic tabs also 
!",1,0,1,0.0,5.0,5.0,5.0,35-44,4 - 6,['5-6']
ffe7f1d7-3723-4c6d-9635-cfddffc574eb,2026-05-04T04:11:37.000Z,shopify-9148876783864,3 Pack (Shop),,,5,5 Stars,"I got the founders set, shipped fast which is a huge plus!! Smells last 6 +DAYS smelling like they just came from the laundry moments before.. All three fragrances are stunning, and would glad purchase this set again. Desert poppy is lowkey my favorite.",1,0,0,,,,,,,
b4c78491-46d2-4a70-aa50-9cc327c71ee3,2026-05-03T23:21:24.234Z,shopify-7444997931256,Alpine Woods,alpine-woods,AW,5,Alpine woods ,My favorite ,1,0,1,0.0,5.0,4.0,5.0,Over 65,2 - 4,['5-6']
838d0990-9044-4dd1-b9f3-f6b12f453e3b,2026-05-03T15:22:28.000Z,shopify-9293094289656,6 oz Hollywood Rouge,6-oz-hollywood-rouge,HR,3,3 Stars,Smells wonderful but scent doesnt last.,0,0,0,,,,,,,
f4ac7ca5-1a1b-484d-8bb0-ff4b52522d62,2026-05-03T07:15:35.768Z,shopify-9257422323960,Golden Hour,golden-hour,GH,5,Golden Hour laundry wash,"I love this one too,  smells sweet clean like summer .  Another winner!",1,0,1,0.0,5.0,4.0,3.0,45-54,2 - 4,['7+']
0662a01f-c844-4ee6-8bcd-02f049760403,2026-05-03T04:38:48.240Z,shopify-7444999602424,Central Coast,central-coast,CC,5, Central Coast Scent,My daughter and I’s first time trying the Central Coast scent and it is by far our new favorite! ,1,0,1,0.0,5.0,5.0,5.0,45-54,2 - 4,['3-4']
272d022b-1a88-4007-a703-ff60ca1b36fe,2026-05-02T17:58:21.635Z,shopify-9257422323960,Golden Hour,golden-hour,GH,5,So good ,This one is one of my favorites! ,1,0,1,0.0,5.0,5.0,5.0,35-44,2 - 4,['7+']
02c762ac-77e9-4b4b-b982-d3b0dd0da745,2026-05-02T17:58:19.005Z,shopify-9293094289656,6 oz Hollywood Rouge,6-oz-hollywood-rouge,HR,5,Hollywood Rouge is the BEST Scent!,Please make the Hollywood Rouge one of the permanent scents. I will continue to use that one and Central Coast in my auto shipping program!,1,0,1,0.0,5.0,5.0,4.0,55-64,1,['7+']
b51d7175-ad03-4e96-b2e0-147ee0e448cd,2026-05-02T15:29:08.869Z,shopify-9173940568312,The Best Seller,the-best-seller,,5,In LOVE!!,I'll never go back to any other wash. Love the scent so much!!! ,1,0,1,0.0,5.0,5.0,5.0,25-34,2 - 4,['7+']
feaca993-9715-49ee-8755-bade9d4e0674,2026-05-02T14:39:08.070Z,shopify-site-reviews-bd7b504f-a566-4803-944a-69d6b2a62542,Mozi Wash,,,5,Love this stuff ,Very helpful ,1,0,1,,,,,,,
5fdc09df-f112-4c06-8472-14ddeb63d1e3,2026-05-02T02:55:24.448Z,shopify-site-reviews-bd7b504f-a566-4803-944a-69d6b2a62542,Mozi Wash,,,5,Good products,Works as advertised ,1,0,1,,,,,,,
48da83bb-1bdf-4430-897a-d940f6b0b1bb,2026-05-02T02:48:00.180Z,shopify-9122736111864,Mozi Wash Silicone Measuring Cup,mozi-wash-silicone-measuring-cup,,5,Nice cup,"It was gifted with the 6 products i got. 
Really useful ; thank you  ",1,0,1,1.0,5.0,5.0,5.0,35-44,7 +,['7+']
295801ea-d5f8-4c20-b443-ce847b930881,2026-05-02T02:45:06.323Z,shopify-9199100231928,Mozi Wash Dryer Balls,mozi-wash-dryer-balls,,5,Nice,Works & good size/material :) ,1,0,1,0.0,5.0,5.0,5.0,35-44,7 +,['7+']
89baa309-3078-4e1a-866e-38a75f94604d,2026-05-02T00:42:57.695Z,shopify-7444999602424,Central Coast,central-coast,CC,5,Smells so good!,Central Coast ,1,0,1,0.0,5.0,4.0,4.0,55-64,2 - 4,['3-4']
6959f2d1-0903-4fc9-a026-a33dbd761ad1,2026-05-02T00:41:16.386Z,shopify-9199100231928,Mozi Wash Dryer Balls,mozi-wash-dryer-balls,,5,Dryer Balls Rock,They are amazing!,1,0,1,0.0,3.0,3.0,3.0,55-64,2 - 4,['3-4']
2425c7b4-8c65-4b5f-85ea-ea1bd35cdb84,2026-05-01T20:12:55.898Z,shopify-7444999602424,Central Coast,central-coast,CC,5,Love it!!,Love the smell and it still stays on your clothes for days!! Absolutely love the clean feeling it gives. ,1,0,1,0.0,4.0,5.0,4.0,35-44,2 - 4,['3-4']
e553f55c-430e-4be6-9c81-406fddecc8e7,2026-05-01T18:02:05.369Z,shopify-9264575250680,Limited Edition Lux Bundle,,,5,Lux Bundle🌸,I have enjoyed this set for some of delicates sweaters and dresses. The scent doesn’t stay as long as the cologne set ! But that’s okay for items close to the skin. I have shared with a friend -who can’t handle lots of perfumes. She has enjoyed this set a lot! A new favorite gift for my friend. ,1,0,1,-0.5,5.0,5.0,5.0,,2 - 4,['3-4']
35a03535-cadf-43bf-869f-0d88a55ab8f9,2026-05-01T17:24:37.177Z,shopify-9293095764216,6 oz Signature Cozy,6-oz-cozy-cashmere,CZ,4,Cute name,Nice thick serum. Great smell from bottle but wasn't as strong of a scent left on clothes once dried .,1,0,1,-0.5,3.0,3.0,2.0,35-44,4 - 6,['5-6']
19f619c4-d087-4cb4-b3e2-d151e912ac4f,2026-05-01T17:20:11.057Z,shopify-9257269985528,Hollywood Rouge,,HR,5,Love,I really like this scent a lot!!,1,0,1,0.0,5.0,5.0,3.0,45-54,2 - 4,['3-4']
31012d87-a9e2-4099-975c-fe2c8b84a792,2026-05-01T17:15:46.792Z,shopify-9293095764216,6 oz Signature Cozy,6-oz-cozy-cashmere,CZ,5,"Honestly, the best laundry detergent I've ever used. ","I have extremely sensitive skin. I was using another brand for awhile and it was fine for my skin, but as a sports family I felt like our clothes always stunk [which I never liked] & our clothes weren't getting as clean as I would like. I was hoping to find a company that washed our clothes well, left a nice scent (not overpowering like Tide or others) & something that wouldn't make my skin break out in rashes all over.  After using Mozi for a few weeks now, I'm happy to report that our clothes are clean, smell really nice and my skin isn't angry! 

Highly recommend this brand for anyone!",1,0,1,0.0,5.0,5.0,5.0,35-44,2 - 4,['3-4']
d04dd957-540b-4986-b6c2-ab410f409f59,2026-05-01T17:02:47.000Z,shopify-7536216375544,Signature Cozy,cozy-cashmere,CZ,5,5 Stars,This is my favorite scent!!! My laundry smells divine!,1,0,0,,,,,,,
9b20864f-71f6-435f-bbef-f1993132f1f9,2026-05-01T15:11:16.786Z,shopify-9257269985528,Hollywood Rouge,,HR,5,Smells so good!,I like to add alittle bit of this with the desert poppy. They go well together. I hope they keep this one on the website! ,1,0,1,0.0,5.0,5.0,5.0,35-44,1,['1']
3076122b-6b89-40e6-a0ff-62ef667efce2,2026-05-01T15:08:16.823Z,shopify-8811068883192,Desert Poppy,desert-poppy,DP,5,Favorite!,My go to scent. ,1,0,1,0.0,5.0,5.0,5.0,35-44,1,['1']
32d7f168-123a-4d90-8afd-e54166cf2aff,2026-05-01T15:07:25.599Z,shopify-9298999247096,Desert Poppy Mozi Mist,desert-poppy-linen-spray,DP,5,Love it! ,Smells so good. I like to use it in my car as well. ,1,0,1,0.0,5.0,1.0,1.0,35-44,1,['1']
c3b1b41e-2dce-4739-8dfe-d49993382798,2026-05-01T14:19:02.510Z,shopify-7536216375544,Signature Cozy,cozy-cashmere,CZ,5,5 stars!!,This detergent is so good! I love the scent so so much! It keeps clothes smelling fresh for longer than any other brand. It makes your whole home smell luxurious. I’d definitely buy this scent again. Can’t wait to try different ones too!,1,0,1,0.0,5.0,5.0,5.0,25-34,1,['2']
1b15543f-6117-4d83-a5c8-c31112c73465,2026-05-01T13:29:56.991Z,shopify-7444997931256,Alpine Woods,alpine-woods,AW,5,Love this!,Such a delightful smell!  ,1,0,1,0.0,5.0,5.0,5.0,Over 65,2 - 4,['3-4']
0754c205-381d-46f1-8ac6-67e26c3df9a5,2026-05-01T02:16:31.889Z,shopify-8811068883192,Desert Poppy,desert-poppy,DP,5,I LOOOOOOOVE MOZI!!   ,"All the scents are wonderful.  My faves are the Rouge, Central Coast, Desert Poppy and Signature Cozy.  I have such a hard time deciding which one to use for each load so I alternate.  I love how the scents last on the clothes.  I will never go back to the yucky detergents.  Now if only I could refill the cute tins. ",1,0,1,0.0,5.0,5.0,5.0,45-54,2 - 4,['5-6']
7cf9f9d7-72f6-4946-9f70-5f5debf287f3,2026-05-01T00:31:25.158Z,shopify-9257422323960,Golden Hour,golden-hour,GH,5,Golden Hour,I really hope this is a scent that sticks around!! It is a nice scent. My clothes smell so good when coming out of the dryer!!!,1,0,1,0.0,3.0,3.0,5.0,55-64,2 - 4,['7+']
0b886499-0d23-4f70-b1f1-766b4eb82cfb,2026-05-01T00:28:54.401Z,shopify-7444997931256,Alpine Woods,alpine-woods,AW,5,I love Alpine Woods,Alpine woods is a clean fresh scent. It is a bit masculine to me but I love it!! ,1,0,1,0.0,3.0,3.0,5.0,55-64,2 - 4,['7+']
b5dc861b-22ea-4545-a6c9-6c53007d8f13,2026-05-01T00:07:26.956Z,shopify-7444999602424,Central Coast,central-coast,CC,5,Very Pleased ,My family has been very pleased with our recent purchase of Mozil Wash. We look forward to our next shipment soon. ,1,0,1,0.0,5.0,4.0,4.0,45-54,4 - 6,['5-6']
b3748414-1942-4e2d-a925-497b310d33ae,2026-04-30T23:19:14.591Z,shopify-7444997931256,Alpine Woods,alpine-woods,AW,5,Alpine Woods is one of my favs. ,This is always in my subscription and I give one to my son when I order. ,1,0,1,0.0,5.0,5.0,5.0,55-64,2 - 4,['5-6']
754ee71d-fe5b-4e51-8251-324897230cdd,2026-04-30T23:18:11.025Z,shopify-9107018219768,Mystery Single Sample Packet,,,5,The mystery packet was a treat!,"The mystery packet was a treat!
I was able to try a whole new scent which I will be ordering in my next order!",1,0,1,0.0,5.0,5.0,5.0,55-64,2 - 4,['5-6']
22cc62f2-c92c-4370-bdb0-446887f4f82f,2026-04-30T21:56:05.775Z,shopify-7444999602424,Central Coast,central-coast,CC,5,Central Coast ,Smells great and washes my clothes well,1,0,1,0.0,5.0,5.0,2.0,45-54,1,['3-4']
f3277e50-179a-4496-85f2-c19e179aa561,2026-04-30T19:58:11.285Z,shopify-7444997931256,Alpine Woods,alpine-woods,AW,5,Best smell ever ,My clothes smell so fresh and clean with this scent! The best part is they are so clean and look great. I love your products!!,1,0,1,0.0,5.0,5.0,5.0,35-44,4 - 6,['7+']
c5376ebf-04fb-41ad-8de7-c820431282cb,2026-04-30T17:58:11.436Z,shopify-9257422323960,Golden Hour,golden-hour,GH,5,Golden hour sent ,Love all of them but this one is my favorite ❤️ ,1,0,1,0.0,5.0,5.0,5.0,45-54,4 - 6,['7+']
af7b6d0f-8563-480a-843f-a3dec686ff68,2026-04-30T17:08:41.192Z,shopify-9107018219768,Mystery Single Sample Packet,,,5,Mozi wash review,This stuff smells absolutely amazing and I absolutely love it,1,0,1,0.0,5.0,5.0,5.0,55-64,2 - 4,['3-4']
cbb88fc7-6a7d-42c2-98cf-892bbcb0b4ef,2026-04-30T16:43:48.735Z,shopify-7536216408312,Sugar Dew,sugar-dew,SD,5,Love Love 🧡,Love the product ,1,0,1,1.0,5.0,3.0,3.0,55-64,2 - 4,['3-4']
6be6b608-222b-4f81-98fb-7cce0713454b,2026-04-30T16:06:04.224Z,shopify-9257422323960,Golden Hour,golden-hour,GH,5,Smells so Good! ,I love the level of clean with all of your products and the scents are GREAT.,1,0,1,0.0,5.0,5.0,5.0,35-44,4 - 6,['7+']
4c8fd502-9c15-4eb8-aa16-24fad532d6ee,2026-04-29T21:24:47.085Z,shopify-8811068883192,Desert Poppy,desert-poppy,DP,4,Great scent,Love the uplifting scent.  ,1,0,1,0.5,4.0,5.0,5.0,55-64,1,['3-4']
059d5af2-5df1-40f4-8ef0-a7a57c19f2cc,2026-04-29T21:17:36.343Z,shopify-7536216375544,Signature Cozy,cozy-cashmere,CZ,5,Wonderful warm fragrance,"I save this laundry wash detergent for towels and sheets.  Sometimes it is a fragrance on the pillowcase at the end of the day that makes a good day pretty wonderful.  Cozy Cashmere, who wouldn’t love it?  ",1,0,1,0.0,5.0,3.0,3.0,55-64,4 - 6,['7+']
c2915751-b4ad-4c3d-9056-be741965d261,2026-04-29T18:08:53.818Z,shopify-9107018219768,Mystery Single Sample Packet,,,5,Love it!,Sugar dew smells so delightful!,1,0,1,1.0,5.0,5.0,5.0,35-44,4 - 6,['7+']
cc2035f3-7a61-47f5-b6e1-5b212e32f213,2026-04-29T17:49:59.879Z,shopify-9257422323960,Golden Hour,golden-hour,GH,5,DELICIOUS!,"Subtle, clean scent. I love it.",1,0,1,0.0,5.0,5.0,5.0,45-54,2 - 4,['3-4']
3fa7ebc2-2268-4f99-830e-d5c03927451e,2026-04-29T17:40:42.233Z,shopify-9122736111864,Mozi Wash Silicone Measuring Cup,mozi-wash-silicone-measuring-cup,,5,Pouring made simple,Using the silicone measuring cup helps maximize use of the Mozi wash.  Measuring exactly the right amount is a breeze and being able to squeeze out any remaining wash into the laundry is ideal.  We are absolutely loving the wash itself and look forward to trying new scents!,1,0,1,0.0,5.0,4.0,5.0,35-44,2 - 4,['3-4']
88971121-48f4-4cf7-92bf-3d9698116285,2026-04-29T16:33:49.778Z,shopify-9293095076088,6 oz Sugar Dew,6-oz-sugar-dew,SD,5,This stuff is AWESOME!!,So glad I found your detergents!! Love all of the scents we’ve tried so far!,1,0,1,0.0,5.0,5.0,5.0,45-54,4 - 6,['5-6']
1473bcb2-1384-4309-b574-b354eb1ceb49,2026-04-29T16:31:27.698Z,shopify-9257422323960,Golden Hour,golden-hour,GH,5,Smells soooooooogood!,"So happy with this product, love the scent, love the softness and overall totally happy : )",1,0,1,-0.5,5.0,5.0,4.0,55-64,2 - 4,['2']
c46ae9a7-1f58-4b9d-b0d0-37fb16185533,2026-04-29T16:10:22.786Z,shopify-8795483701496,Vanilla Moon,vanilla-moon,VM,5,Vanilla Moon scent,Absolutely divine! A beautiful scent and one of my absolute favorites! ,1,0,1,0.0,5.0,4.0,2.0,55-64,2 - 4,['3-4']
480fb2c7-2afa-40f4-a856-e7c9d7458300,2026-04-29T15:29:13.979Z,shopify-9293095764216,6 oz Signature Cozy,6-oz-cozy-cashmere,CZ,5,Love it,Very good product. Will have to buy bigger next time.,1,0,1,0.0,4.0,5.0,5.0,Over 65,1,['1']
5b2b78da-1e0c-407d-abf8-c86098597d78,2026-04-29T12:20:58.613Z,shopify-9122736111864,Mozi Wash Silicone Measuring Cup,mozi-wash-silicone-measuring-cup,,4,measure cup,Nice little cup and easy to rinse out,1,0,1,-0.5,2.0,3.0,4.0,55-64,2 - 4,['2']
1928ce18-87ec-4e69-9ef2-42d0adc1db37,2026-04-29T11:44:51.200Z,shopify-9293100384504,6 oz Vanilla Moon,6-oz-vanilla-moon,VM,5,Love ,Love ,1,0,1,-1.0,5.0,4.0,4.0,35-44,2 - 4,['5-6']
b88d46a0-a092-4ffc-ab93-696581531b5f,2026-04-29T09:52:48.684Z,shopify-site-reviews-bd7b504f-a566-4803-944a-69d6b2a62542,Mozi Wash,,,5,Mozi,Great,1,0,1,,,,,,,
9d6afd6f-47ab-44f1-af5f-c026f002a674,2026-04-29T09:52:04.953Z,shopify-9305250365688,Mozi Mist - TikTok,,,5,Costal mist,I love it!!,1,0,1,,,,,,,
adcdcf3e-a97c-487d-8156-b22b890feef5,2026-04-29T05:24:32.000Z,shopify-7444999602424,Central Coast,central-coast,CC,5,5 Stars,Wonderful clean scent!!!! I will use this as long as I can afford it,1,0,0,,,,,,,
00c9163e-5818-4a76-b501-8feee2269639,2026-04-29T02:45:10.460Z,shopify-site-reviews-bd7b504f-a566-4803-944a-69d6b2a62542,Mozi Wash,,,5,Love Mozi ,Loved this so much I bought it for all my kids ,1,0,1,,,,,,,
5a8a845e-2291-47db-960f-c64f31d2b96b,2026-04-29T02:44:27.761Z,shopify-9257419505912,Malibu Mornings,malibu-mornings,MM,5,Malibu ,Love the smell of this so much! ,1,0,1,0.0,5.0,4.0,3.0,55-64,2 - 4,['3-4']
e929abea-eee8-4c44-962d-ce29671087bd,2026-04-29T02:43:36.398Z,shopify-9257269985528,Hollywood Rouge,,HR,5,Review,"Love the smell 
",1,0,1,0.0,5.0,4.0,3.0,55-64,2 - 4,['3-4']
e4588160-3098-4809-8dab-2be924112df5,2026-04-29T02:42:40.276Z,shopify-8795483701496,Vanilla Moon,vanilla-moon,VM,5,K,K,1,0,1,0.0,5.0,4.0,3.0,55-64,2 - 4,['3-4']
714292cf-9d78-436f-a29a-7aba8b293ffc,2026-04-29T02:27:41.519Z,shopify-7444997931256,Alpine Woods,alpine-woods,AW,5,Love it! ,Smells wonderful! ,1,0,1,0.0,5.0,4.0,3.0,45-54,4 - 6,['5-6']
4d8b353b-fac3-4a89-867d-13323642faa8,2026-04-29T00:43:45.871Z,shopify-8795483701496,Vanilla Moon,vanilla-moon,VM,5,My favorite scent!,Love this detergent! Won’t be changing any time soon,1,0,1,0.0,5.0,4.0,4.0,25-34,2 - 4,['2']
14f6f068-50a1-4966-874b-365ce5e4c368,2026-04-29T00:42:32.228Z,shopify-9391274557688,Package Protection Valid in US.,,,5,Loving our new mozi detergent!,Makes doing laundry so much more enjoyable! I love having peace of mind about the quality of the detergent and the scents all so good! Vanilla moon is my current favorite ,1,0,1,,,,,,,
a0e87edf-35ea-473b-ad4a-325e981b3fbf,2026-04-29T00:18:58.033Z,shopify-9257269985528,Hollywood Rouge,,HR,5,Hollywood Rouge,Smells so good,1,0,1,0.0,5.0,5.0,5.0,45-54,7 +,['3-4']
0f2429f2-e29a-46d4-bdc8-11fc632ebca7,2026-04-28T22:13:54.807Z,shopify-9293095764216,6 oz Signature Cozy,6-oz-cozy-cashmere,CZ,5,Absolutely love it!!,This is great detergent from the smell and how it feels on your clothes and your body highly recommend. ,1,0,1,0.0,5.0,5.0,5.0,55-64,2 - 4,['3-4']
c575e5aa-d36f-48ef-b863-7e365d338636,2026-04-28T20:53:21.677Z,shopify-9257269985528,Hollywood Rouge,,HR,5,Never stop making this!!!!!!!,I love this scent and product! Please never stop making this scent! Love the new cap! ,1,0,1,0.0,5.0,5.0,5.0,45-54,4 - 6,['5-6']
12843848-5e10-4bef-ae63-f536d5661359,2026-04-28T19:59:48.637Z,shopify-7444999602424,Central Coast,central-coast,CC,5,Amazing,I love the smell! It cleans my clothes. It would be hard to go back to regular laundry detergent.,1,0,1,0.0,5.0,5.0,5.0,45-54,4 - 6,['7+']
a2f14afd-0250-4f76-9946-50bc12256cd2,2026-04-28T19:05:40.375Z,shopify-9122736111864,Mozi Wash Silicone Measuring Cup,mozi-wash-silicone-measuring-cup,,5,Handy,After pouring what I need I just toss in wash. Quick and easy no need to wait for detergent to pur out and it's ready to go for next load.,1,0,1,0.0,5.0,5.0,5.0,35-44,4 - 6,['3-4']
46082702-2f1c-408a-acf3-7831a1feb2dc,2026-04-28T14:00:00.432Z,shopify-9298999247096,Desert Poppy Mozi Mist,desert-poppy-linen-spray,DP,5,Could be a perfume,"The Desert Poppy Mozi must room spray is so good. It’s light and fresh. It makes the house feel so warm and inviting without being obvious that a room spray was used. It’s like a good perfume that isn’t overpowering, just a light clean scent. Love this stuff!! The spray cap and pump is like a perfume too so you can target areas instead of blasting too much around like some of the other aerosols. ",1,0,1,0.0,5.0,4.0,4.0,45-54,4 - 6,['5-6']
c61feaf9-ef6e-48c3-9df8-6c173f665938,2026-04-28T13:39:10.985Z,shopify-9107018219768,Mystery Single Sample Packet,,,5,Mozi wash is fab!,"Loved all the Mozi wash Fragrances. My clothes smell great- no perfume needed, and my clothes are soft! Love that they use clean ingredients as well!!",1,0,1,0.0,5.0,5.0,5.0,45-54,2 - 4,['5-6']
9ed2a0f7-70e4-432f-a24a-33aeed7aabd0,2026-04-28T13:31:56.964Z,shopify-7536216375544,Signature Cozy,cozy-cashmere,CZ,5,Smells great,"I really love the way this makes my laundry smell.
Not only does it smell great it gets every thing clean without all the harsh chemicals.",1,0,1,0.0,5.0,5.0,5.0,55-64,2 - 4,['5-6']
4879266a-1fdc-496d-afe8-9a6d48bab7cb,2026-04-28T13:29:41.764Z,shopify-9293095764216,6 oz Signature Cozy,6-oz-cozy-cashmere,CZ,5,Soft gentle aroma,The smell is not overbearing. But as the day wears on it sure stays. I’m still testing amounts I put in the washer. Large loads vs small loads. Just placed another order. ,1,0,1,-0.5,4.0,4.0,3.0,Over 65,2 - 4,['3-4']
7796f660-d241-4ba4-923c-de7690cc7b20,2026-04-27T22:14:03.519Z,shopify-8795483701496,Vanilla Moon,vanilla-moon,VM,5,This is the most incredible scent…,"This fragrance is one of the most incredible things I’ve ever smelled!!! The way the detergent cleans clothes is great, low suds in my washing machine, so it really helps my machine run well for each load…BUT YOU GUYS,  THE SMELL! Oh my god, it’s so lux. Don’t tell anyone, but sometimes I even use the room spray as a little extra burst of perfume on my clothes! So so gorgeous! I get complimented all the time! Love this product and we’ll be a Mozi Family now for life! ",1,0,1,0.5,5.0,5.0,3.0,35-44,2 - 4,
c07a9857-b79e-4dd5-aa32-d8ec61205c38,2026-04-27T22:05:20.097Z,shopify-9257269985528,Hollywood Rouge,,HR,5,Love this scent!!,Look forward to laundry days,1,0,1,0.0,5.0,4.0,4.0,55-64,2 - 4,['3-4']
3950d3c8-4c5e-4dcb-91d8-924ca862dd26,2026-04-27T21:45:23.244Z,shopify-9264575250680,Limited Edition Lux Bundle,,,5,In a house full of boys my house smells like 5th AVE ,I think that says it all. ,1,0,1,-0.5,5.0,5.0,5.0,45-54,2 - 4,['7+']
2189c42b-ad2c-455b-91a7-c5f4104f73d2,2026-04-27T20:32:30.723Z,shopify-9313916616952,Mozi 6 oz - TikTok,,,5,The best ,"I love all their scents and this is definitely a keeper! 
Customer service is amazing as well. They sent me the wrong scents but sent to right ones right away. I highly recommend them and they have a customer for life in me! ",1,0,1,,,,,,,
f66de251-a514-4f18-9fe2-ab67e26e7339,2026-04-27T19:15:07.911Z,shopify-9257419505912,Malibu Mornings,malibu-mornings,MM,5,Dreamy,"We love this scent - it fills the whole house and my kids can't stop smelling their clothes :) 
Definitely makes laundry a lot more enjoyable. 
I like the screw top cap vs the pull tab.",1,0,1,0.0,5.0,4.0,3.0,45-54,2 - 4,['3-4']
faecfb50-6fdd-41fa-958f-992c909ba675,2026-04-27T18:48:42.632Z,shopify-7536216375544,Signature Cozy,cozy-cashmere,CZ,5,Amazing Scent,My clothes smell amazing! I’m actually getting compliments from my neighbors on how good the air smells when my dryer is running. ,1,0,1,0.0,5.0,5.0,3.0,45-54,2 - 4,['7+']
4c06b293-b79a-4297-8253-bfaead6cb2fb,2026-04-27T18:43:18.943Z,shopify-7444999602424,Central Coast,central-coast,CC,5,In love!,I’m in love with this scent! It’s intoxicating. ,1,0,1,0.0,5.0,4.0,4.0,35-44,2 - 4,['7+']
d1301b5f-ca67-4112-afc3-73c90cfae01d,2026-04-27T18:34:47.339Z,shopify-9293095764216,6 oz Signature Cozy,6-oz-cozy-cashmere,CZ,5,Best ever,Best laundry soap ever! Love the scent. Love the cleaning ability. Everything about this detergent makes me happy! ,1,0,1,0.0,5.0,5.0,3.0,55-64,2 - 4,['3-4']
3e1e91ba-3cdc-42ff-912b-0f413039b408,2026-04-27T18:34:41.524Z,shopify-9257269985528,Hollywood Rouge,,HR,5,Second Favorite!,What I don’t wash in Signatures Cozy gets washed in Hollywood Rouge. Love it so much! ,1,0,1,0.0,5.0,4.0,4.0,45-54,4 - 6,['5-6']
05ce3e5b-2fd9-4a73-bd96-9d4ed87a00f4,2026-04-27T18:33:22.127Z,shopify-7536216375544,Signature Cozy,cozy-cashmere,CZ,5,My Favorite!,I want to wash everything in my house in this smell! Love it! ,1,0,1,0.0,5.0,4.0,4.0,45-54,4 - 6,['5-6']
4c662c20-8376-426f-a120-0b83be944aae,2026-04-27T18:32:27.751Z,shopify-9107018219768,Mystery Single Sample Packet,,,3,Sugar Dew Sample,"Thank you for the sample!! Great product and works just as great, just not my favorite scent. ",0,0,1,0.5,3.0,4.0,4.0,45-54,4 - 6,['5-6']
bf5fab0a-6ed2-47ce-89a3-d2bcb4fcd273,2026-04-27T17:05:05.002Z,shopify-9354611589368,The Ultimate Kit,the-ultimate-kit,,5,Amazing scents love doing laundry,I love doing laundry now! Mozi has such amazing scents that last so long and it fills my home. Every day is laundry day ☺️,1,0,1,,,,,,,
